{"highlights": {"0": {"id": 0, "type": "text", "rects": [{"page": 0, "top": 0.26296183232323234, "left": 0.5195343137254902, "height": 0.10818106060606059, "width": 0.39504079606797415}, {"page": 0, "top": 0.373658802020202, "left": 0.5189918300653594, "height": 0.16352828282828286, "width": 0.3934904640000002}], "clip": 0, "tokens": [], "section": "1 INTRODUCTION", "blocks": [12, 13]}}, "clips": {"0": {"id": 0, "start": 4037, "end": 14157, "highlights": [0], "position": 0, "top": 0, "page": 0, "captions": [{"caption": "Hi everyone, my name is Amy Rechkemmer, and\nI\u2019ll be discussing how user trust in machine", "start": 4037, "end": 8987, "id": 0}, {"caption": "learning models is impacted when multiple\nindicators of model performance are presented.", "start": 8987, "end": 14157, "id": 1}]}}, "syncSegments": {"0": []}}